,id,Tract,PopDensity(sqmi)
0,kare-ken-san-francisco,12302.0,85918.5
1,mangos-cafe-san-francisco,12302.0,85918.5
2,farm-table-san-francisco,12100.0,80465.5
3,pearls-deluxe-burgers-san-francisco-3,12100.0,80465.5
4,sweet-woodruff-san-francisco,12100.0,80465.5
5,beanstalk-cafe-san-francisco-2,12100.0,80465.5
6,mortys-delicatessen-san-francisco,12401.0,142941.0
7,saigon-sandwich-san-francisco,12401.0,142941.0
8,elmira-rosticceria-san-francisco,12402.0,28673.3
9,brendas-french-soul-food-san-francisco,12402.0,28673.3
10,the-chairman-truck-san-francisco,12402.0,28673.3
11,bite-san-francisco,12000.0,79444.3
12,crepes-ooh-la-la-san-francisco-2,12000.0,79444.3
13,dotties-true-blue-cafe-san-francisco,17601.0,31312.3
14,box-kitchen-san-francisco,17601.0,31312.3
15,tony-baloneys-san-francisco,17601.0,31312.3
16,little-griddle-san-francisco,17601.0,31312.3
17,tempest-san-francisco,17601.0,31312.3
18,de-afghanan-kabob-house-san-francisco-2,12202.0,83364.8
19,fresh-brew-coffee-san-francisco,11902.0,72321.4
20,hopwater-distribution-san-francisco,11902.0,72321.4
21,tommys-joynt-san-francisco,15100.0,37046.9
22,red-door-cafe-san-francisco-3,15100.0,37046.9
23,super-duper-burgers-san-francisco-6,61500.0,17843.8
24,super-duper-burgers-san-francisco-3,61500.0,17843.8
25,cafe-algiers-san-francisco,61500.0,17843.8
26,the-sentinel-san-francisco,61500.0,17843.8
27,eden-plaza-cafe-san-francisco,61500.0,17843.8
28,the-american-grilled-cheese-kitchen-san-francisco,61500.0,17843.8
29,creperie-saint-germain-san-francisco-12,61500.0,17843.8
30,garaje-san-francisco,61500.0,17843.8
31,cafe-du-soleil-san-francisco-4,61500.0,17843.8
32,crossroads-cafe-san-francisco-7,61500.0,17843.8
33,hrd-coffee-shop-san-francisco-2,61500.0,17843.8
34,señor-sisig-san-francisco-3,61500.0,17843.8
35,freshroll-vietnamese-rolls-and-bowls-san-francisco,61500.0,17843.8
36,the-pink-elephant-san-francisco-3,61500.0,17843.8
37,ayola-san-francisco,61500.0,17843.8
38,deli-board-san-francisco,17802.0,22931.3
39,azucar-lounge-san-francisco-4,17802.0,22931.3
40,citizens-band-san-francisco,17802.0,22931.3
41,ak-subs-san-francisco,17802.0,22931.3
42,firefly-san-francisco,21200.0,20817.8
43,pasta-gina-san-francisco,21200.0,20817.8
44,diamond-cafe-san-francisco,21200.0,20817.8
45,holy-kitchen-san-francisco,21200.0,20817.8
46,peasant-pies-san-francisco-3,21300.0,20520.3
47,subs-inc-san-francisco,21300.0,20520.3
48,lupa-trattoria-san-francisco,21300.0,20520.3
49,the-little-chihuahua-san-francisco-3,21300.0,20520.3
50,griddle-fresh-san-francisco,21400.0,23904.6
51,lovejoys-tea-room-san-francisco,21400.0,23904.6
52,choice-yakiniku-san-francisco,21600.0,16616.9
53,saru-sushi-bar-san-francisco,21100.0,23521.7
54,anchor-oyster-bar-san-francisco,20600.0,21541.9
55,fable-san-francisco,20600.0,21541.9
56,mama-jis-san-francisco-2,20500.0,24161.8
57,marcellos-pizza-san-francisco,20500.0,24161.8
58,castro-tarts-san-francisco,20500.0,24161.8
59,noeteca-san-francisco,21500.0,26696.4
60,tataki-south-san-francisco,21500.0,26696.4
61,frances-san-francisco,20300.0,27473.0
62,super-duper-burgers-san-francisco-4,20300.0,27473.0
63,dinosaurs-san-francisco,20300.0,27473.0
64,kitchen-story-san-francisco,20300.0,27473.0
65,eiji-san-francisco,20300.0,27473.0
66,ikes-place-san-francisco,20300.0,27473.0
67,thorough-bread-and-pastry-san-francisco,20300.0,27473.0
68,chow-san-francisco,20300.0,27473.0
69,tower-burger-san-francisco,30600.0,11034.8
70,pops-sandwich-shop-san-francisco,30600.0,11034.8
71,arizmendi-bakery-san-francisco-2,21000.0,34791.1
72,zaytoon-mediterranean-wraps-san-francisco,21000.0,34791.1
73,lucca-ravioli-company-san-francisco,21000.0,34791.1
74,rockys-fry-bread-san-francisco,20700.0,38491.4
75,pizzeria-delfina-san-francisco,20700.0,38491.4
76,rheas-deli-and-market-san-francisco,20700.0,38491.4
77,mission-cheese-san-francisco,20700.0,38491.4
78,crepe-and-brioche-san-francisco,23200.0,13885.9
79,san-panchos-tacos-san-francisco,23200.0,13885.9
80,golden-city-inn-chinese-food-san-francisco,23200.0,13885.9
81,frisco-fried-san-francisco,23200.0,13885.9
82,jj-fish-and-chicken-san-francisco-2,23200.0,13885.9
83,el-azteca-taqueria-san-francisco,23200.0,13885.9
84,l-artisan-gourmet-parisian-macarons-san-francisco,23102.0,17990.7
85,tacos-rodriguez-san-francisco,23103.0,7686.22
86,speakeasy-ales-and-lagers-san-francisco,23103.0,7686.22
87,tacos-el-primo-san-francisco-2,23400.0,11104.0
88,smokin-warehouse-barbecue-san-francisco,23400.0,11104.0
89,b-and-j-1-4-lb-burgers-san-francisco,23400.0,11104.0
90,old-skool-cafe-san-francisco,61200.0,24461.6
91,radio-africa-and-kitchen-san-francisco,61200.0,24461.6
92,auntie-aprils-san-francisco,61200.0,24461.6
93,las-isletas-restaurant-san-francisco,61200.0,24461.6
94,golden-eagle-deli-and-grill-san-francisco,61200.0,24461.6
95,all-good-pizza-san-francisco,61200.0,24461.6
96,crown-burgers-san-francisco,61200.0,24461.6
97,soo-fong-san-francisco,61200.0,24461.6
98,tiffanys-cafe-san-francisco,61200.0,24461.6
99,lets-eat-bbq-and-more-san-francisco,23003.0,25860.3
100,wok-in-cafeteria-san-francisco,980900.0,241.11700000000002
101,jakes-place-san-francisco,980900.0,241.11700000000002
102,the-deli-lama-san-francisco,980900.0,241.11700000000002
103,junior-barbecue-burger-san-francisco,980900.0,241.11700000000002
104,la-laguna-taqueria-san-francisco,980900.0,241.11700000000002
105,mariposa-cafeteria-san-francisco,980900.0,241.11700000000002
106,oscars-burger-deli-san-francisco,980900.0,241.11700000000002
107,limón-rotisserie-san-francisco-5,23300.0,10676.3
108,cdxx-san-francisco-2,23300.0,10676.3
109,grandmas-deli-and-cafe-san-francisco,17700.0,6102.02
110,teds-market-and-delicatessen-san-francisco,17700.0,6102.02
111,big-chef-toms-belly-burgers-san-francisco,17700.0,6102.02
112,crepes-a-go-go-san-francisco-2,17700.0,6102.02
113,flying-pig-bistro-san-francisco,17700.0,6102.02
114,smashburger-san-francisco-2,17700.0,6102.02
115,butter-san-francisco,17700.0,6102.02
116,v-105-san-francisco,20200.0,47996.3
117,sushi-zone-san-francisco,20200.0,47996.3
118,mission-beach-cafe-san-francisco-4,20200.0,47996.3
119,truly-mediterranean-san-francisco,20200.0,47996.3
120,straw-san-francisco,16802.0,39218.3
121,rickybobby-san-francisco,16802.0,39218.3
122,mission-public-san-francisco,20100.0,35869.1
123,taqueria-los-coyotes-san-francisco,20100.0,35869.1
124,little-star-pizza-san-francisco-2,20100.0,35869.1
125,the-sandwich-place-san-francisco,20100.0,35869.1
126,dragoneats-san-francisco,16200.0,24119.3
127,souvla-san-francisco,16200.0,24119.3
128,chez-maman-san-francisco-6,16200.0,24119.3
129,suppenküche-san-francisco-2,16300.0,45229.9
130,so-san-francisco-4,18000.0,11668.8
131,darwin-cafe-san-francisco,18000.0,11668.8
132,farmerbrowns-little-skillet-san-francisco,18000.0,11668.8
133,marlowe-san-francisco-2,18000.0,11668.8
134,primo-patio-cafe-san-francisco,18000.0,11668.8
135,les-clos-san-francisco,18000.0,11668.8
136,cowgirl-creamery-san-francisco,10500.0,10156.2
137,hog-island-oyster-co-san-francisco,10500.0,10156.2
138,primavera-san-francisco,10500.0,10156.2
139,4505-meats-san-francisco-7,10500.0,10156.2
140,roli-roti-gourmet-rotisserie-san-francisco,10500.0,10156.2
141,boccalone-san-francisco-2,10500.0,10156.2
142,blue-hawaii-açaí-café-san-francisco-2,10500.0,10156.2
143,pauls-deli-san-francisco,10500.0,10156.2
144,the-plant-cafe-organic-san-francisco-4,10500.0,10156.2
145,hard-water-san-francisco,10500.0,10156.2
146,capn-mikes-holy-smoke-san-francisco,10500.0,10156.2
147,il-cane-rosso-san-francisco,10500.0,10156.2
148,hayes-street-grill-san-francisco-2,10500.0,10156.2
149,tacolicious-san-francisco-6,10500.0,10156.2
150,frog-hollow-farm-market-and-cafe-san-francisco,10500.0,10156.2
151,delica-san-francisco,10500.0,10156.2
152,golden-gate-meat-company-san-francisco,10500.0,10156.2
153,wise-sons-delicatessen-san-francisco,10500.0,10156.2
154,gotts-roadside-san-francisco-2,10500.0,10156.2
155,kokkari-estiatorio-san-francisco,10500.0,10156.2
156,oasis-grill-san-francisco,11700.0,8306.14
157,johns-snack-and-deli-san-francisco,11700.0,8306.14
158,chez-fayala-san-francisco,11700.0,8306.14
159,la-fusión-san-francisco-2,11700.0,8306.14
160,muraccis-japanese-curry-and-grill-san-francisco,11700.0,8306.14
161,sushirrito-san-francisco-4,11700.0,8306.14
162,yo-yos-san-francisco,61100.0,46512.5
163,cafe-me-san-francisco-2,61100.0,46512.5
164,jackson-place-cafe-san-francisco,61100.0,46512.5
165,delicious-dim-sum-san-francisco,61100.0,46512.5
166,good-luck-cafe-and-deli-san-francisco,11800.0,68692.5
167,naked-lunch-san-francisco,10600.0,53875.6
168,sams-san-francisco,10600.0,53875.6
169,giordano-bros-san-francisco,10600.0,53875.6
170,the-house-san-francisco,10600.0,53875.6
171,busters-san-francisco,10600.0,53875.6
172,alimento-san-francisco-2,10600.0,53875.6
173,golden-boy-pizza-san-francisco,10600.0,53875.6
174,don-pistos-san-francisco-2,10600.0,53875.6
175,mamas-on-washington-square-san-francisco,10600.0,53875.6
176,tonys-pizza-napoletana-san-francisco,10600.0,53875.6
177,sotto-mare-san-francisco,10600.0,53875.6
178,mos-grill-san-francisco,10600.0,53875.6
179,baonecci-ristorante-san-francisco,10600.0,53875.6
180,pistos-san-francisco-3,10600.0,53875.6
181,volcano-san-francisco,47600.0,25074.2
182,gaspares-pizza-house-and-italian-restaurant-san-francisco,47600.0,25074.2
183,lous-cafe-san-francisco,47600.0,25074.2
184,swamp-san-francisco,47600.0,25074.2
185,han-il-kwan-san-francisco,47600.0,25074.2
186,kappou-gomi-san-francisco,47600.0,25074.2
187,chomp-n-swig-san-francisco,42602.0,25261.8
188,hot-sauce-and-panko-san-francisco,42602.0,25261.8
189,cafe-la-flore-san-francisco-3,40200.0,25258.6
190,grindz-san-francisco,40200.0,25258.6
191,halu-san-francisco,40200.0,25258.6
192,king-of-thai-noodle-house-san-francisco-4,40200.0,25258.6
193,little-vietnam-cafe-san-francisco,40200.0,25258.6
194,la-ciudad-de-mexico-san-francisco,40200.0,25258.6
195,good-luck-dim-sum-san-francisco,40200.0,25258.6
196,shabu-club-san-francisco,40200.0,25258.6
197,all-star-donuts-san-francisco-3,40200.0,25258.6
198,firehouse-pizzeria-san-francisco,42601.0,32514.3
199,gordo-taqueria-san-francisco-2,42601.0,32514.3
200,pizzetta-211-san-francisco,42601.0,32514.3
201,bazaar-cafe-san-francisco,42601.0,32514.3
202,minami-restaurant-san-francisco-2,42601.0,32514.3
203,angelinas-cafe-and-catering-san-francisco,42601.0,32514.3
204,first-korean-market-san-francisco,45200.0,28370.9
205,boudin-bakery-san-francisco-6,45200.0,28370.9
206,the-richmond-san-francisco,45200.0,28370.9
207,tekka-japanese-restaurant-san-francisco,45200.0,28370.9
208,shimo-san-francisco,42700.0,33809.0
209,daigo-sushi-san-francisco,42700.0,33809.0
210,hard-knox-cafe-san-francisco-2,42700.0,33809.0
211,ilanas-coffee-san-francisco,42700.0,33809.0
212,ppq-dungeness-island-san-francisco-2,42700.0,33809.0
213,pagan-restaurant-san-francisco,42700.0,33809.0
214,garden-house-cafe-san-francisco,42700.0,33809.0
215,cafe-bunn-mi-san-francisco,40100.0,25235.7
216,wako-japanese-restaurant-san-francisco,40100.0,25235.7
217,burma-superstar-san-francisco-2,40100.0,25235.7
218,genki-crepes-and-mini-mart-san-francisco,40100.0,25235.7
219,ro-cafe-san-francisco,40100.0,25235.7
220,cafe-europa-san-francisco,40100.0,25235.7
221,mandalay-san-francisco,40100.0,25235.7
222,b-star-bar-san-francisco,40100.0,25235.7
223,crazy-crabz-san-francisco,60700.0,11482.1
224,pastel-do-brazil-san-francisco-2,60700.0,11482.1
225,market-and-rye-san-francisco-2,60700.0,11482.1
226,mason-san-francisco,60700.0,11482.1
227,thee-parkside-san-francisco,60700.0,11482.1
228,source-san-francisco,60700.0,11482.1
229,tortas-los-picudos-san-francisco,22902.0,41847.9
230,la-palma-mexicatessen-san-francisco,22902.0,41847.9
231,el-farolito-san-francisco-4,22902.0,41847.9
232,taqueria-vallarta-san-francisco,22901.0,48231.8
233,el-metate-san-francisco,22803.0,42196.4
234,limón-rotisserie-san-francisco-3,22803.0,42196.4
235,mission-pie-san-francisco,20900.0,36193.9
236,prubechu-san-francisco,20900.0,36193.9
237,el-farolito-san-francisco-2,20900.0,36193.9
238,stuffed-san-francisco,20900.0,36193.9
239,paprika-san-francisco,20900.0,36193.9
240,phat-philly-san-francisco,20900.0,36193.9
241,mission-picnic-san-francisco-2,20900.0,36193.9
242,rosamunde-sausage-grill-san-francisco-2,20900.0,36193.9
243,beretta-san-francisco,20900.0,36193.9
244,old-jerusalem-restaurant-san-francisco,20900.0,36193.9
245,hillside-supper-club-san-francisco-2,25200.0,21182.1
246,vega-san-francisco-2,25200.0,21182.1
247,paulies-pickling-san-francisco,25200.0,21182.1
248,anda-piroshki-san-francisco,25200.0,21182.1
249,charlies-deli-cafe-san-francisco,25200.0,21182.1
250,los-shucos-san-francisco,20800.0,49225.5
251,yamo-san-francisco,20800.0,49225.5
252,taqueria-cancún-san-francisco-5,20800.0,49225.5
253,20-spot-san-francisco,20800.0,49225.5
254,loló-san-francisco-4,20800.0,49225.5
255,the-american-grilled-cheese-kitchen-san-francisco-3,22801.0,22745.3
256,atlas-cafe-san-francisco,22801.0,22745.3
257,universal-cafe-san-francisco-5,22801.0,22745.3
258,rheas-cafe-san-francisco,22801.0,22745.3
259,jayn-bee-club-san-francisco,22801.0,22745.3
260,mr-pickles-sandwich-shop-san-francisco,22801.0,22745.3
261,cordon-bleu-vietnamese-restaurant-san-francisco,11100.0,54233.6
262,the-boys-deli-san-francisco,10900.0,44804.1
263,stones-throw-san-francisco-2,10900.0,44804.1
264,elephant-sushi-san-francisco,10900.0,44804.1
265,za-gourmet-pizza-san-francisco,10900.0,44804.1
266,leopolds-san-francisco-2,10900.0,44804.1
267,street-restaurant-san-francisco,10900.0,44804.1
268,good-mong-kok-bakery-san-francisco,11300.0,79585.5
269,roam-artisan-burgers-san-francisco,13000.0,28613.5
270,lite-bite-san-francisco,13000.0,28613.5
271,marengo-on-union-san-francisco,13000.0,28613.5
272,lucky-dogs-san-francisco-3,13000.0,28613.5
273,back-yard-kitchen-san-francisco,13000.0,28613.5
274,umami-burger-san-francisco,13000.0,28613.5
275,gamine-san-francisco,13000.0,28613.5
276,marina-submarine-san-francisco,13000.0,28613.5
277,el-castillito-san-francisco-2,16900.0,25745.9
278,woodhouse-fish-company-san-francisco,16900.0,25745.9
279,king-foot-subs-san-francisco-2,16700.0,24557.9
280,palmyra-san-francisco,16700.0,24557.9
281,the-little-chihuahua-san-francisco,16700.0,24557.9
282,ragazza-san-francisco,16700.0,24557.9
283,kk-cafe-san-francisco,16700.0,24557.9
284,cu-cos-restaurant-san-francisco,16801.0,36746.2
285,metro-caffe-san-francisco,16801.0,36746.2
286,estelas-fresh-sandwiches-san-francisco,16801.0,36746.2
287,rosamunde-sausage-grill-san-francisco,16801.0,36746.2
288,love-n-haight-deli-san-francisco,16801.0,36746.2
289,wing-wings-san-francisco,16801.0,36746.2
290,nopa-san-francisco,16400.0,31661.4
291,sf-grill-san-francisco,16400.0,31661.4
292,mojo-bicycle-café-san-francisco-2,16400.0,31661.4
293,alamo-square-market-and-deli-san-francisco-2,16400.0,31661.4
294,los-panchos-san-francisco,25300.0,29445.3
295,pizzahacker-vinyl-pop-up-san-francisco,25300.0,29445.3
296,the-front-porch-san-francisco,25300.0,29445.3
297,avedanos-holly-park-market-san-francisco-2,25300.0,29445.3
298,blue-plate-san-francisco,25300.0,29445.3
299,cafe-st-jorge-san-francisco,25300.0,29445.3
300,angkor-borei-san-francisco,25300.0,29445.3
301,april-nine-thai-kitchen-san-francisco,31302.0,20787.0
302,tomo-sushi-and-teriyaki-daly-city,31302.0,20787.0
303,miss-tomato-daly-city,31302.0,20787.0
304,hall-of-flame-burgers-san-francisco,33203.0,20533.2
305,taqueria-dos-charros-san-francisco-2,33203.0,20533.2
306,bart-grocery-and-bbq-daly-city,26200.0,25338.0
307,little-yangon-daly-city,26200.0,25338.0
308,gateway-kitchen-daly-city,26200.0,25338.0
309,tselogs-daly-city,26200.0,25338.0
310,j-and-a-restaurant-san-francisco,26200.0,25338.0
311,lisas-mexican-restaurant-daly-city-2,26200.0,25338.0
312,lapaz-batchoy-daly-city,26200.0,25338.0
313,fil-am-cuisine-daly-city,26200.0,25338.0
314,fung-wah-restaurant-daly-city,26200.0,25338.0
315,fog-lifter-cafe-san-francisco,30900.0,9206.01
316,dinosaurs-2-san-francisco,30900.0,9206.01
317,ambrosia-bakery-san-francisco,30900.0,9206.01
318,shabu-house-san-francisco-2,30900.0,9206.01
319,little-wok-san-francisco,30900.0,9206.01
320,wang-wah-san-francisco-2,31000.0,11036.5
321,champa-garden-san-francisco-2,31000.0,11036.5
322,kings-cafe-san-francisco-2,31000.0,11036.5
323,beeps-burgers-san-francisco,31000.0,11036.5
324,ikes-place-san-francisco-4,33204.0,26509.8
325,shahs-halal-food-san-francisco,33204.0,26509.8
326,gold-coast-grill-and-catering-san-francisco,33204.0,26509.8
327,boulevard-cafe-daly-city,60400.0,917.298
328,nations-giant-hamburgers-daly-city,60400.0,917.298
329,tanis-kitchen-daly-city,60400.0,917.298
330,broaster-chicken-daly-city,60400.0,917.298
331,the-cypress-grill-san-francisco,60400.0,917.298
332,tandoori-oven-daly-city,60400.0,917.298
333,banana-island-daly-city,60400.0,917.298
334,burgermeister-daly-city,60400.0,917.298
335,dae-jang-geum-tofu-house-daly-city,60400.0,917.298
336,blue-line-pizza-daly-city,60400.0,917.298
337,shaking-crab-daly-city,60400.0,917.298
338,the-vista-room-san-francisco,33201.0,9821.58
339,tofu-yu-san-francisco,33201.0,9821.58
340,jalapenos-mexican-kitchen-and-grill-san-francisco,33201.0,9821.58
341,fritas-shack-san-francisco,33201.0,9821.58
342,station-cafe-san-francisco,33201.0,9821.58
343,nordstrom-cafe-san-francisco,33201.0,9821.58
344,california-crisp-san-francisco,33201.0,9821.58
345,crazy-pepper-san-francisco,26100.0,23485.7
346,el-pollo-supremo-san-francisco-2,26100.0,23485.7
347,batter-up-san-francisco,26100.0,23485.7
348,chick-n-deli-san-francisco,26100.0,23485.7
349,mamá-art-cafe-san-francisco-2,26100.0,23485.7
350,pupuseria-metapan-san-francisco,26100.0,23485.7
351,geneva-steak-san-francisco,26100.0,23485.7
352,molinari-delicatessen-san-francisco,10700.0,79081.7
353,la-trappe-san-francisco-2,10700.0,79081.7
354,hollywood-cafe-san-francisco,10100.0,12595.4
355,the-codmother-fish-and-chips-san-francisco,10100.0,12595.4
356,hot-spud-san-francisco,10100.0,12595.4
357,tanguito-san-francisco,10100.0,12595.4
358,carmel-pizza-company-san-francisco,10100.0,12595.4
359,fog-harbor-fish-house-san-francisco-2,10100.0,12595.4
360,sammys-aloha-san-francisco,10100.0,12595.4
361,gary-danko-san-francisco,10200.0,20619.1
362,buena-vista-cafe-san-francisco,10200.0,20619.1
363,petite-deli-san-francisco-2,10400.0,35066.2
364,fat-beli-deli-san-francisco,25702.0,22652.4
365,breakfast-at-tiffanys-san-francisco,25702.0,22652.4
366,jim-georgies-donuts-san-francisco,25702.0,22652.4
367,cinco-de-mayo-taqueria-san-francisco,25702.0,22652.4
368,restaurant-pupuseria-ilobasco-san-francisco,25702.0,22652.4
369,hawaiian-drive-inn-san-francisco-2,25702.0,22652.4
370,la-placita-mexicatessen-san-francisco,25702.0,22652.4
371,ling-ling-cuisine-restaurant-san-francisco,25702.0,22652.4
372,queens-louisiana-po-boy-cafe-san-francisco,25800.0,21012.4
373,bayside-cafe-san-francisco,61000.0,4329.27
374,mangiare-san-francisco,61000.0,4329.27
375,piccolo-pete-liquor-and-deli-san-francisco,61000.0,4329.27
376,garden-cafe-san-francisco,61000.0,4329.27
377,le-gourmet-brisbane,61000.0,4329.27
378,little-nepal-san-francisco,25402.0,25129.6
379,piqueos-san-francisco,25402.0,25129.6
380,red-hill-station-san-francisco,25402.0,25129.6
381,mokis-sushi-and-pacific-grill-san-francisco,25402.0,25129.6
382,soul-delight-san-francisco-2,26403.0,28483.1
383,buffalo-kitchen-san-francisco-2,26403.0,28483.1
384,eat-drink-play-san-francisco,26403.0,28483.1
385,7-mile-house-sports-bar-and-grill-brisbane,26403.0,28483.1
386,luen-fat-bakery-san-francisco-4,26403.0,28483.1
387,saruno-burger-brisbane,26403.0,28483.1
388,jakes-steaks-san-francisco,12902.0,24805.8
389,zushi-puzzle-san-francisco-2,12902.0,24805.8
390,cafe-golo-san-francisco,12901.0,36571.5
391,pacific-catch-san-francisco,12800.0,21364.4
392,tacolicious-san-francisco,12800.0,21364.4
393,toma-san-francisco,12800.0,21364.4
394,delarosa-san-francisco,12800.0,21364.4
395,the-sandwich-spot-san-francisco-2,12800.0,21364.4
396,bereka-coffee-san-francisco,12800.0,21364.4
397,baker-street-bistro-san-francisco,12800.0,21364.4
398,home-plate-san-francisco,12800.0,21364.4
399,blackwood-san-francisco-3,12800.0,21364.4
400,chubby-noodle-san-francisco-3,12800.0,21364.4
401,amicis-east-coast-pizzeria-san-francisco-3,12800.0,21364.4
402,chotto-san-francisco,12800.0,21364.4
403,tacko-san-francisco,12800.0,21364.4
404,lucca-delicatessen-san-francisco,12601.0,35346.0
405,super-duper-burgers-san-francisco-5,12601.0,35346.0
406,marina-deli-san-francisco,12601.0,35346.0
407,plutos-san-francisco-4,12601.0,35346.0
408,blue-barn-gourmet-san-francisco,12601.0,35346.0
409,cha-cha-cha-san-francisco-4,16600.0,38262.8
410,parada-22-san-francisco,16600.0,38262.8
411,escape-from-new-york-pizza-san-francisco-3,16600.0,38262.8
412,street-taco-san-francisco-3,16600.0,38262.8
413,laguna-cafe-san-francisco-2,16600.0,38262.8
414,pork-store-cafe-san-francisco,16600.0,38262.8
415,padrecito-san-francisco,17102.0,30313.7
416,zazie-san-francisco,17102.0,30313.7
417,wooly-pig-cafe-san-francisco,30101.0,31682.4
418,lime-tree-southeast-asian-kitchen-san-francisco,30101.0,31682.4
419,lavash-san-francisco,30101.0,31682.4
420,golden-bear-trading-company-san-francisco-3,30101.0,31682.4
421,the-yellow-submarine-san-francisco,30101.0,31682.4
422,pomelo-on-judah-san-francisco,30101.0,31682.4
423,bacon-bacon-san-francisco-5,17101.0,29294.1
424,twilight-cafe-san-francisco,15600.0,24077.2
425,velo-rouge-cafe-san-francisco,45100.0,33674.9
426,okina-sushi-san-francisco,45100.0,33674.9
427,nizarios-pizza-san-francisco-2,45100.0,33674.9
428,uncle-boys-san-francisco,45100.0,33674.9
429,sushi-bistro-san-francisco,45100.0,33674.9
430,cinderella-bakery-and-cafe-san-francisco-2,45100.0,33674.9
431,bella-trattoria-san-francisco,45100.0,33674.9
432,camp-bbq-san-francisco,45100.0,33674.9
433,crepevine-san-francisco,30202.0,31444.3
434,plutos-san-francisco-3,30202.0,31444.3
435,nopalito-san-francisco-3,30202.0,31444.3
436,hanami-brasserie-san-francisco,30202.0,31444.3
437,arts-cafe-san-francisco,30202.0,31444.3
438,nabe-san-francisco-3,30202.0,31444.3
439,peasant-pies-san-francisco-2,30202.0,31444.3
440,san-tung-chinese-restaurant-san-francisco,30202.0,31444.3
441,yummy-yummy-san-francisco,30202.0,31444.3
442,manna-san-francisco,30202.0,31444.3
443,jennys-burgers-san-francisco,30202.0,31444.3
444,arizmendi-bakery-san-francisco,30202.0,31444.3
445,ebisu-san-francisco,30202.0,31444.3
446,pasquales-pizza-san-francisco-2,30202.0,31444.3
447,roxies-market-and-deli-san-francisco,30202.0,31444.3
448,yummas-mediterranean-grill-san-francisco,30202.0,31444.3
449,causwells-san-francisco-5,12700.0,20057.5
450,jane-on-fillmore-san-francisco,13500.0,28152.2
451,bay-subs-and-deli-san-francisco,13500.0,28152.2
452,two-sons-sandwiches-san-francisco,22802.0,18692.3
453,city-smoke-house-san-francisco-2,22702.0,18800.0
454,crepe-madame-catering-san-francisco,22702.0,18800.0
455,ganims-deli-san-francisco-2,22702.0,18800.0
456,papito-san-francisco,22702.0,18800.0
457,hazels-kitchen-san-francisco,22702.0,18800.0
458,plow-san-francisco,22702.0,18800.0
459,goat-hill-pizza-san-francisco,22702.0,18800.0
460,jbs-place-san-francisco,22702.0,18800.0
461,umi-san-francisco,22702.0,18800.0
462,chez-maman-san-francisco,22702.0,18800.0
463,hard-knox-cafe-san-francisco,22600.0,3010.82
464,piccino-san-francisco,22600.0,3010.82
465,the-lab-san-francisco-4,22600.0,3010.82
466,marcellas-lasagneria-san-francisco,22600.0,3010.82
467,just-for-you-cafe-san-francisco,22600.0,3010.82
468,serpentine-san-francisco,22600.0,3010.82
469,long-bridge-pizza-company-san-francisco,22600.0,3010.82
470,poquito-san-francisco-2,22600.0,3010.82
471,the-new-spot-san-francisco,22600.0,3010.82
472,the-sandwich-shop-san-francisco,22600.0,3010.82
473,serpentine-san-francisco,22600.0,3010.82
474,tc-pastry-san-francisco,32601.0,27368.9
475,saiwaii-ramen-san-francisco-3,32601.0,27368.9
476,yum-yum-fish-san-francisco,32601.0,27368.9
477,durty-nellys-san-francisco,32601.0,27368.9
478,pho-huynh-hiep-2-kevins-noodle-house-san-francisco,32601.0,27368.9
479,the-taco-shop-at-underdogs-san-francisco-2,32601.0,27368.9
480,handy-delicatessen-san-francisco,32601.0,27368.9
481,marnee-thai-san-francisco,32601.0,27368.9
482,sunrise-deli-and-cafe-san-francisco,32601.0,27368.9
483,irving-pizza-san-francisco,32601.0,27368.9
484,chabaa-thai-cuisine-san-francisco,32601.0,27368.9
485,underdog-san-francisco,30201.0,28258.1
486,kitchen-kura-san-francisco,30201.0,28258.1
487,izakaya-sozai-san-francisco,30201.0,28258.1
488,crepe-temptations-san-francisco-2,32700.0,20169.5
489,the-pots-san-francisco,32700.0,20169.5
490,terra-cotta-warrior-san-francisco,32700.0,20169.5
491,the-crew-san-francisco,32802.0,16205.2
492,thai-nghiep-ky-mi-gia-san-francisco,32802.0,16205.2
493,guddu-de-karahi-san-francisco,32802.0,16205.2
494,ii-cha-soju-bar-san-francisco,32802.0,16205.2
495,fujiyama-ya-japanese-restaurant-san-francisco,32802.0,16205.2
496,cheung-hing-san-francisco,32902.0,19675.7
497,quan-ngon-san-francisco,32902.0,19675.7
498,tay-giang-restaurant-san-francisco,32902.0,19675.7
499,pisces-california-cuisine-san-francisco,35100.0,21939.9
500,tazaki-sushi-san-francisco,35100.0,21939.9
501,clanceys-market-and-deli-san-francisco,35100.0,21939.9
502,eggettes-san-francisco,35100.0,21939.9
503,outerlands-san-francisco,35202.0,30057.1
504,thai-cottage-restaurant-san-francisco,35202.0,30057.1
505,thanh-long-san-francisco,35202.0,30057.1
506,cajun-pacific-san-francisco,35202.0,30057.1
507,java-beach-cafe-san-francisco,35202.0,30057.1
508,beachside-coffee-bar-and-kitchen-san-francisco,35202.0,30057.1
509,sri-thai-cuisine-san-francisco,35202.0,30057.1
510,celias-by-the-beach-san-francisco,35202.0,30057.1
511,sea-breeze-restaurant-san-francisco,35202.0,30057.1
512,toyose-san-francisco,35201.0,14622.6
513,the-pizza-place-on-noriega-san-francisco,35201.0,14622.6
514,sea-biscuit-cafe-and-wine-bar-san-francisco,35201.0,14622.6
515,hongs-kitchen-san-francisco,35201.0,14622.6
516,hunan-cafe-2-san-francisco-2,47901.0,14211.0
517,hakka-restaurant-san-francisco,47901.0,14211.0
518,tj-cafe-san-francisco,47901.0,14211.0
519,kawikas-ocean-beach-deli-san-francisco,47901.0,14211.0
520,yu-zen-san-francisco,47901.0,14211.0
521,louis-san-francisco-2,47901.0,14211.0
522,the-cliff-house-bistro-san-francisco,47901.0,14211.0
523,sutros-at-the-cliff-house-san-francisco,47901.0,14211.0
524,fat-angel-san-francisco,15900.0,38146.7
525,prime-dip-gourmet-sandwiches-san-francisco-2,15900.0,38146.7
526,state-bird-provisions-san-francisco,15900.0,38146.7
527,belly-good-cafe-and-crepes-san-francisco,15900.0,38146.7
528,sweet-maple-san-francisco,15500.0,30011.5
529,kappa-japanese-restaurant-san-francisco,15500.0,30011.5
530,opa-market-san-francisco,15500.0,30011.5
531,woodhouse-fish-co-san-francisco,15200.0,36499.4
532,la-boulange-de-pine-san-francisco-2,15200.0,36499.4
533,roam-artisan-burgers-san-francisco-3,15200.0,36499.4
534,pizzeria-delfina-san-francisco-3,15200.0,36499.4
535,glaze-teriyaki-grill-san-francisco,15200.0,36499.4
536,the-cheese-steak-shop-san-francisco,15300.0,22609.8
537,presidio-pizza-company-san-francisco,15300.0,22609.8
538,bistro-sf-grill-san-francisco,15300.0,22609.8
539,tataki-san-francisco,15300.0,22609.8
540,king-of-falafel-san-francisco,15300.0,22609.8
541,little-star-pizza-san-francisco,15802.0,44979.2
542,nicks-kitchen-daly-city,26404.0,39952.9
543,papa-rays-pizza-daly-city-5,26404.0,39952.9
544,curry-up-now-brisbane,26404.0,39952.9
545,the-dark-horse-inn-san-francisco,26301.0,34315.3
546,phillies-san-francisco,26301.0,34315.3
547,bravo-pizza-san-francisco,26301.0,34315.3
548,tortas-boos-voni-san-francisco,26301.0,34315.3
549,taqueria-reinas-san-francisco-2,26301.0,34315.3
550,hood-grub-the-broken-record-san-francisco,26301.0,34315.3
551,maneelap-srimongkoun-san-francisco,26004.0,33271.0
552,little-joes-pizzeria-san-francisco,26004.0,33271.0
553,superstar-restaurant-san-francisco,26004.0,33271.0
554,ty-sandwich-san-francisco,26004.0,33271.0
555,hawaiian-drive-inn-san-francisco-3,26004.0,33271.0
556,taqueria-guadalajara-san-francisco,26004.0,33271.0
557,el-farolito-san-francisco,26004.0,33271.0
558,doctors-lounge-san-francisco,26004.0,33271.0
559,henrys-hunan-restaurant-san-francisco-6,26001.0,37288.3
560,the-salad-place-san-francisco-4,26001.0,37288.3
561,hildas-mart-and-bake-shop-san-francisco,26001.0,37288.3
562,mexico-tipico-san-francisco-2,26001.0,37288.3
563,pissed-off-petes-san-francisco,26001.0,37288.3
564,pampanguena-cuisine-san-francisco,26001.0,37288.3
565,jang-soo-bbq-san-francisco,47701.0,30866.0
566,um-ma-son-san-francisco,47701.0,30866.0
567,joes-coffee-shop-san-francisco,47701.0,30866.0
568,the-art-bistro-san-francisco,47802.0,27898.1
569,kufuya-japanese-restaurant-san-francisco,47802.0,27898.1
570,pacific-cafe-san-francisco,47802.0,27898.1
571,miki-restaurant-san-francisco,47802.0,27898.1
572,kim-son-vietnamese-restaurant-san-francisco,47802.0,27898.1
573,cassava-san-francisco,47802.0,27898.1
574,shanghai-house-san-francisco,47802.0,27898.1
575,purple-kow-san-francisco-2,47802.0,27898.1
576,jook-time-san-francisco,47801.0,21797.6
577,balboa-teriyaki-san-francisco,47801.0,21797.6
578,fog-baby-cafe-san-francisco,47801.0,21797.6
579,chinos-taqueria-san-francisco,47801.0,21797.6
580,shanghai-dumpling-king-san-francisco,47801.0,21797.6
581,americana-grill-and-fountain-san-francisco,47801.0,21797.6
582,nicks-crispy-tacos-san-francisco,11000.0,52112.5
583,beach-n-boba-cafe-san-francisco,35400.0,16756.4
584,brothers-pizza-san-francisco,35400.0,16756.4
585,java-beach-san-francisco-3,35400.0,16756.4
586,johns-ocean-beach-cafe-san-francisco,35400.0,16756.4
587,pasquales-pizza-san-francisco,35400.0,16756.4
588,the-bashful-bull-too-san-francisco,35400.0,16756.4
589,georges-zoo-liquor-deli-san-francisco,35400.0,16756.4
590,balompié-cafe-3-san-francisco-2,25401.0,23458.9
591,la-santaneca-san-francisco,25401.0,23458.9
592,new-college-hill-market-san-francisco,25401.0,23458.9
593,the-pig-and-whistle-san-francisco,15700.0,24251.7
594,picnix-bistro-san-francisco,13300.0,18858.1
595,vanida-thai-kitchen-san-francisco,35300.0,16603.9
596,sunsets-best-seafood-restaurant-san-francisco,35300.0,16603.9
597,old-mandarin-islamic-restaurant-san-francisco,35300.0,16603.9
598,wins-restaurant-san-francisco,35300.0,16603.9
599,north-beach-pizza-san-francisco-2,35300.0,16603.9
600,roxie-food-center-san-francisco,25500.0,20379.2
601,red-sea-market-san-francisco,25500.0,20379.2
602,zabb-cuisine-san-francisco,25500.0,20379.2
603,zero-zero-san-francisco,17801.0,42343.0
604,tataki-canyon-san-francisco,21800.0,19840.3
605,cheese-boutique-san-francisco-2,21800.0,19840.3
606,le-ptit-laurent-san-francisco-2,21800.0,19840.3
607,la-corneta-taqueria-san-francisco-2,21800.0,19840.3
608,gialina-pizzeria-san-francisco,21800.0,19840.3
609,vikings-giant-submarines-san-francisco-3,21800.0,19840.3
610,pomelo-san-francisco,21800.0,19840.3
611,monterey-deli-san-francisco,31100.0,14885.1
612,big-joes-san-francisco,31100.0,14885.1
613,ks-kitchen-san-francisco,31100.0,14885.1
614,shanghai-dumpling-king-san-francisco-3,31100.0,14885.1
615,paradise-pizza-and-pasta-san-francisco,30800.0,11824.0
616,greenhouse-cafe-san-francisco-2,30800.0,11824.0
617,manor-coffee-shop-san-francisco,30800.0,11824.0
618,orexi-san-francisco,30800.0,11824.0
619,trattoria-da-vittorio-san-francisco,30800.0,11824.0
620,bursa-san-francisco,30800.0,11824.0
621,seniores-pizza-san-francisco,30800.0,11824.0
622,tonight-soju-bar-san-francisco,30800.0,11824.0
623,fresca-san-francisco-2,30800.0,11824.0
624,submarine-center-san-francisco,30800.0,11824.0
625,bullshead-restaurant-san-francisco,30800.0,11824.0
626,house-of-pancakes-san-francisco,33000.0,13268.3
627,sushi-zen-san-francisco,33000.0,13268.3
628,the-spot-lounge-san-francisco,33000.0,13268.3
629,dumpling-kitchen-san-francisco,33000.0,13268.3
630,kingdom-of-dumpling-san-francisco-2,33000.0,13268.3
631,el-burrito-express-san-francisco,33000.0,13268.3
632,just-won-ton-san-francisco,33000.0,13268.3
633,grubbin-san-francisco,33000.0,13268.3
634,banhwich-san-francisco,33000.0,13268.3
635,taraval-okazu-ya-restaurant-san-francisco,33000.0,13268.3
636,don-chuys-mexi-mercado-san-francisco,26003.0,31830.7
637,parkside-tavern-san-francisco,32901.0,19362.5
638,copper-kettle-irish-cafe-and-bakery-san-francisco,32901.0,19362.5
639,rolling-out-san-francisco,32801.0,18679.2
640,g-cube-cafe-shabu-shabu-and-lounge-san-francisco,32801.0,18679.2
641,new-taraval-cafe-san-francisco,32801.0,18679.2
642,guerra-quality-meats-san-francisco,30400.0,13643.5
643,king-of-thai-noodle-house-san-francisco-5,33100.0,11482.9
644,ono-hawaiian-bbq-san-francisco-2,33100.0,11482.9
645,la-stazione-coffee-and-wine-bar-san-francisco,61400.0,17517.5
646,caffe-d-melanio-san-francisco,31201.0,31198.7
647,cafe-rx-san-francisco,60100.0,1364.78
648,acre-cafe-san-francisco,60100.0,1364.78
649,cholita-linda-san-francisco,60100.0,1364.78
650,abacus-san-francisco,16500.0,35542.0
651,seal-rock-inn-restaurant-san-francisco,47902.0,23029.1
652,treasure-island-bar-and-grill-treasure-island-3,17902.0,2916.2
653,a-taste-of-chicago-san-francisco,17902.0,2916.2
654,oasis-cafe-treasure-island-san-francisco,17902.0,2916.2
655,sticks-bay-area-2,17902.0,2916.2
656,aracely-cafe-san-francisco-2,17902.0,2916.2
657,st-francis-fountain-san-francisco,22903.0,28288.1
